boundary_index,calibrated_probability
0,0.07187923204583685
1,0.2605378133080302
2,0.3649038549170669
3,0.4928459020990599
4,0.6312823951004014
5,0.850276083737949
