{
  "class_breaks": [
    0.07187923204583685,
    0.2605378133080302,
    0.3649038549170669,
    0.4928459020990599,
    0.6312823951004014,
    0.850276083737949
  ],
  "n_classes": 5,
  "requested_n_classes": 5,
  "unique_probability_count": 81079,
  "transform_metadata": {
    "method": "robust_sigmoid_iqr",
    "center": 0.5463288240289714,
    "scale": 0.4243924058907518,
    "clip_z": 6.0
  },
  "raw_score_stats": {
    "min": -0.539341,
    "max": 1.2834,
    "mean": 0.18393513728426023
  },
  "probability_stats": {
    "min": 0.07187923204583685,
    "max": 0.850276083737949,
    "mean": 0.31109160557079324
  }
}